s.no,SSD,MRP
1,"ZEBRONICS ZEB-SD26 256 GB Laptop, Desktop Internal Solid State Drive (SSD) (ZEB-SD26 256 GB Solid State Drive, TLC, SATA II & SATA III Interface)","₹1,099"
2,"WESTERN DIGITAL WD Green SATA 240 GB Desktop, Laptop Internal Solid State Drive (SSD) (WDS240G3G0A)","₹1,349"
3,"Crucial BX500 240 GB Laptop, Desktop Internal Solid State Drive (SSD) (CT240BX500SSD1)","₹1,419"
4,"Crucial BX500 3D NAND 2.5-inch 500 GB Desktop, Laptop Internal Solid State Drive (SSD) (CT500BX500SSD1)","₹2,183"
5,"WESTERN DIGITAL WD Blue NVMe SN570 500 GB Laptop, Desktop Internal Solid State Drive (SSD) (WDS500G3B0C)","₹2,579"
6,"ZEBRONICS ZEB SD13 128 GB Desktop, Laptop Internal Solid State Drive (SSD) (ZEB SD13 128GB SSD,Ultra Low Power Consumption, S.M.A.R.T. Thermal Management)",₹749
7,"Crucial MX500 500 GB Laptop, Desktop Internal Solid State Drive (SSD) (CT1000MX500SSD1)","₹3,500"
8,"Crucial CT500P3SSD8 500 GB Desktop, Laptop Internal Solid State Drive (SSD) (P3 PCIe 3.0 NVMe M.2 2280)","₹2,483"
9,"Crucial BX500 1 TB Desktop, Laptop Internal Solid State Drive (SSD) (CT1000BX500SSD1)","₹4,202"
10,"WESTERN DIGITAL WD Green SATA 480 GB Desktop, Laptop Internal Solid State Drive (SSD) (WDS480G3G0A)","₹2,119"
11,"SAMSUNG 870 Evo 500 GB Laptop, Desktop Internal Solid State Drive (SSD) (MZ-77E500BW)","₹3,709"
12,"SAMSUNG 970 EVO Plus 1 TB Laptop, Desktop Internal Solid State Drive (SSD) (MZ-V7S1T0BW)","₹6,049"
13,"WESTERN DIGITAL WD Blue NVMe SN570 1 TB Laptop, Desktop Internal Solid State Drive (SSD) (WDS100T3B0C)","₹4,299"
14,"Consistent S6 256 GB Laptop, All in One PC's, Desktop Internal Solid State Drive (SSD) (S6 256GB)","₹1,250"
15,"ZEBRONICS 2.5 SATA SSD 256 GB Laptop, Desktop, All in One PC's Internal Solid State Drive (SSD) (ZEB-SD26)","₹1,390"
16,"Consistent CTSSD 128 GB All in One PC's, Desktop, Laptop, Network Attached Storage Internal Solid State Drive (SSD) (CT)",₹920
17,"WESTERN DIGITAL WD Blue SATA 500 GB Desktop, Laptop Internal Solid State Drive (SSD) (WDS500G3B0A)","₹3,029"
18,"Silicon Power P34A60 256 GB Desktop, Laptop Internal Solid State Drive (SSD) (SP256GBP34A60M28)","₹1,399"
19,"ZEBRONICS ZEB-SD52 512 GB Desktop, Laptop Internal Solid State Drive (SSD) (ZEB-SD52 SSD 512GB, SATA II and SATA III Interface, QLC, Silent Operation)","₹1,899"
20,"ZEBRONICS m.2 nvme 512 GB All in One PC's Internal Solid State Drive (SSD) (MN52 m.2 NVMe (2280) SSD with 512GB Capacity, 1900MB/s Read, 1100MB/s Write)","₹2,499"
21,KITECH KTS100 2.5 Inch 128 GB Desktop Internal Solid State Drive (SSD) (KTS100),₹689
22,"Crucial CT1000P3SSD8 1000 GB Desktop, Laptop Internal Solid State Drive (SSD) (P3 PCIe 3.0 NVMe M.2 2280)","₹3,902"
23,"WESTERN DIGITAL WD Black SN770 1 TB Desktop, Laptop Internal Solid State Drive (SSD) (WDS100T3X0E)","₹5,169"
24,"Crucial CT 250 GB Laptop, Desktop Internal Solid State Drive (SSD) (2.5 inches 7mm Internal (CT250MX500SSD1))","₹1,896"
25,"SAMSUNG 970 EVO Plus 500 GB Laptop, Desktop Internal Solid State Drive (SSD) (MZ-V7S500BW)","₹3,299"
26,"EXPERTRONICS Pro 256 GB Laptop, All in One PC's Internal Solid State Drive (SSD) (Consistent SSD 256GB WIth Caddy 9.5MM)","₹1,440"
27,"WD SN350 240 GB Desktop, Laptop, All in One PC's Internal Solid State Drive (SSD) (WDS240G2G0C-00AJM0)","₹1,809"
28,"WD Blue™ SA510 500 GB Desktop, Laptop Internal Solid State Drive (SSD) (500GB 2.5”/7mm SATA SSD - WDS500G3B0A)","₹3,699"
29,Crucial BX500 240 GB Laptop Internal Solid State Drive (SSD) (BX500 240GB 3D NAND SATA 2.5-inch SSD (CT240BX500SSD1)),"₹1,299"
30,"ZEBRONICS SD102 1 TB All in One PC's Internal Solid State Drive (SSD) (SD102 2.5"" 1TB SSD, SATA III, 550MB/s Data Speed, Ultra Low Power.)","₹3,899"
31,"ZEBRONICS NVME SSD M.2 2280 FORM FACTOR 128 GB Desktop, Laptop Internal Solid State Drive (SSD) (ZEB-MN13)","₹1,199"
32,"WD Green 480 GB Laptop, Desktop Internal Solid State Drive (SSD) (WDS480G2G0A)","₹2,325"
33,"WD Green SATA 2.5/7mm disque 240 GB Laptop, All in One PC's, Desktop Internal Solid State Drive (SSD) (WDS240G2G0A)","₹1,899"
34,"WESTERN DIGITAL WD Green M.2 240 GB Desktop, Laptop Internal Solid State Drive (SSD) (WDS240G3G0B)","₹1,349"
35,Silicon Power A55 256 GB Laptop Internal Solid State Drive (SSD) (SP256GBSS3A55S25),"₹1,199"
36,Crucial P3 500 GB All in One PC's Internal Solid State Drive (SSD) (P3 PLUS),"₹3,300"
37,ADATA SSD 256 GB Laptop Internal Solid State Drive (SSD) (SU660),"₹1,758"
38,"EVM sata 256 GB Desktop, All in One PC's, Laptop, Network Attached Storage, Servers, Surveillance Systems Internal Solid State Drive (SSD) (256GB SSD 2.5"" INCH SATA)","₹1,220"
39,"EVM NVME PCIE 1 TB Desktop, Laptop, All in One PC's Internal Solid State Drive (SSD) (EVMNV/1TB)","₹3,999"
40,"Crucial BX500 480 GB Laptop, Desktop Internal Solid State Drive (SSD) (CT480BX500SSD1)","₹2,103"
41,"EVM SSD 256 GB Laptop, Desktop, All in One PC's Internal Solid State Drive (SSD) (SSD 256GB M.2 2280)","₹1,299"
42,"WD Blue™ SN570 M.2 NVMe 500 GB Desktop, Laptop, All in One PC's, Network Attached Storage, Surveillance Systems Internal Solid State Drive (SSD) (WDS500G3B0C)","₹3,248"
43,"Consistent SSD 512 GB All in One PC's, Desktop, Laptop, Network Attached Storage, Servers, Surveillance Systems Internal Solid State Drive (SSD) (512 GB SSD)","₹2,100"
44,"SAMSUNG 870 QVO 1 TB Laptop, Desktop Internal Solid State Drive (SSD) (MZ-77Q1T0BW)","₹5,999"
45,"GIGABYTE SATA 240 GB Laptop, All in One PC's, Desktop Internal Solid State Drive (SSD) ((GP-GSTFS31240GNTD)","₹1,799"
46,"Seagate BarraCuda(ZA240CV10002) SATA SSD 240 GB Laptop, Desktop, All in One PC's Internal Solid State Drive (SSD) (ZA240CV1A0012)","₹1,799"
47,"SAMSUNG 980 Pro 500 GB Laptop, Desktop Internal Solid State Drive (SSD) (MZ-V8P500BW)","₹5,699"
48,"ZEBRONICS Smart 128 GB Desktop, Laptop, All in One PC's Internal Solid State Drive (SSD) (ZEB-SD13)",₹949
49,"EVM SATA 256 GB All in One PC's, Desktop, Laptop Internal Solid State Drive (SSD) (256GB SATA SSD)","₹1,250"
50,"Matrix M.2 SOLID STATE DRIVE 128 GB Desktop, Laptop, All in One PC's Internal Solid State Drive (SSD) (ST-VLW128G)",₹779
51,"HP S750 SSD , SATA 2.5"" 256 GB Desktop, Laptop Internal Solid State Drive (SSD) (S750 3D NAND 256GB)","₹1,999"
52,"KINGSTON A 400 240 GB All in One PC's, Desktop, Laptop Internal Solid State Drive (SSD) (SA400S37)","₹1,800"
53,Crucial MX500 500 GB All in One PC's Internal Solid State Drive (SSD) (MX 500),"₹3,200"
54,"Simmtronics SSD 256 GB All in One PC's, Desktop, Laptop Internal Solid State Drive (SSD) (2.5 "" SATA 6Gb/s SSD)","₹1,299"
55,"Consistent NVMe 256 GB All in One PC's, Desktop, Laptop Internal Solid State Drive (SSD) (256GB NVMe)","₹1,590"
56,"MSI SPATIUM M461 1 TB Laptop, Desktop, All in One PC's Internal Solid State Drive (SSD) (S78-440L1D0-P83)","₹5,550"
57,"HIKVISION E100 SATA SSD 128 GB Desktop, Laptop Internal Solid State Drive (SSD) (HS-SSD-E100)","₹1,550"
58,"EVM SSD 256 GB Desktop, Laptop Internal Solid State Drive (SSD) (256GB)","₹1,199"
59,"Crucial MX500 250GB 3D NAND SATA 2.5 Inch 500 Laptop, Desktop Internal Solid State Drive (SSD) (CT500MX500SSD1)","₹2,933"
60,Crucial CT 1 TB Laptop Internal Solid State Drive (SSD) (MX500),"₹6,200"
61,"EVM M.2 2280 1 TB Laptop, Desktop, All in One PC's Internal Solid State Drive (SSD) (M.2 2280)","₹3,999"
62,"WD Blue 3D 250 GB Laptop, Desktop, Servers, Surveillance Systems Internal Solid State Drive (SSD) (WDS250G2B0A)","₹2,399"
63,"SAMSUNG 860 Pro 512 GB Laptop, Desktop Internal Solid State Drive (SSD) (MZ-76P512BW)","₹12,080"
64,"Crucial CT 2000 GB Laptop, Desktop Internal Solid State Drive (SSD) (BX500)","₹9,525"
65,Seagate Firecuda 520 with PCIe Gen4 x4 NVMe 1.3 for Gaming PC Gaming Laptop Desktop 1 TB Laptop Internal Solid State Drive (SSD) (ZP1000GM3A002),"₹13,591"
66,"scuda SATA 2.5 inch 256 GB Laptop, Desktop, All in One PC's Internal Solid State Drive (SSD) (256GB SATA SSD)","₹1,750"
67,"ZEBRONICS SSD 256 GB All in One PC's, Desktop, Laptop Internal Solid State Drive (SSD) (ZEB MN26)","₹1,699"
68,"Crucial CT 2 TB Laptop, Desktop Internal Solid State Drive (SSD) (CT2000MX500SSD1)","₹11,732"
69,"Xsentuals M.2 NVMe 8 GB Desktop, Laptop Internal Solid State Drive (SSD) (M.2 NVMe SSD Converter Adapter Expansion Card for PCIe/PCI Express)",₹599
70,"Crucial BX500 SATA SSD 240 GB Desktop, Laptop, All in One PC's, Network Attached Storage, Surveillance Systems, Servers Internal Solid State Drive (SSD) (BX500 240GB 2.5 INCH SATA SSD)","₹1,449"
71,"SAMSUNG 870 QVO 4 TB Laptop, Desktop Internal Solid State Drive (SSD) (MZ-77Q4T0BW)","₹28,179"
72,"Crucial P5 Plus 2 TB Laptop, Desktop Internal Solid State Drive (SSD) (CT2000P5PSSD8)","₹16,234"
73,"Crucial P2 1 TB Laptop, Desktop Internal Solid State Drive (SSD) (P2 NVMe CT1000P2SSD8)","₹7,000"
74,HP EX900 M.2 PCIe 3.1 x4 NVMe 3D TLC NAND 500 GB Laptop Internal Solid State Drive (SSD) (2YY44AA#ABC),"₹3,416"
75,"SAMSUNG 870 QVO 8 TB Laptop, Desktop Internal Solid State Drive (SSD) (MZ-77Q8T0BW)","₹55,249"
76,"powerx SS1000 256 GB All in One PC's, Desktop, Laptop Internal Solid State Drive (SSD) (256GB)","₹1,350"
77,WD Green™ 480 GB Desktop Internal Solid State Drive (SSD) (480GB 2.5-inch SATA III - WDS480G3G0A),"₹2,637"
78,"WD SN850 without Heatsink 2 TB Laptop, All in One PC's, Desktop Internal Solid State Drive (SSD) (WDS200T1X0E)","₹25,109"
79,"Simmtronics 2280 256 GB Laptop, Desktop Internal Solid State Drive (SSD) (ssd 256)","₹1,549"
80,"HP HP S650 2.5"" 240 GB Laptop, Desktop, All in One PC's Internal Solid State Drive (SSD) (S650 2.5""- 240 GB)","₹1,999"
81,WD Green SN350 M.2 NVMe 480 GB Desktop Internal Solid State Drive (SSD) (WDS480G2G0C),"₹3,199"
82,"Crucial P3 Plus PCIe 4.0 NVMe M.2 2280 500 GB Desktop, Laptop Internal Solid State Drive (SSD) (CT500P3PSSD8)","₹3,499"
83,"Intex SATA 256 GB All in One PC's, Desktop, Laptop, Surveillance Systems Internal Solid State Drive (SSD) (PANTHER 256GB SATA SSD)","₹1,449"
84,WD WD Green 2 TB Desktop Internal Solid State Drive (SSD) (WDS200T2G0A),"₹12,099"
85,"KingSpec SATA III 120 GB Desktop, Laptop Internal Solid State Drive (SSD) (ORIGNAL BRAND)","₹1,099"
86,Consistent 5 Year Warranty 512 GB Laptop Internal Solid State Drive (SSD) (CTSSD512S6),"₹2,100"
87,"Silicon Power P34A60 512 GB Desktop, Laptop Internal Solid State Drive (SSD) (SP512GBP34A60M28)","₹2,399"
88,"WESTERN DIGITAL WD Green Nvme SN350 2 TB Desktop, Laptop Internal Solid State Drive (SSD) (WDS200T3G0C)","₹10,059"
89,HP EX900 250GB NVME 250 GB Laptop Internal Solid State Drive (SSD) (2YY43AA#ABC),"₹2,596"
90,KINGSTON SSD NV2 4.0 500 GB Desktop Internal Solid State Drive (SSD) (SNV2S/500G),"₹2,750"
91,"GEONIX 1 256 GB Laptop, Desktop Internal Solid State Drive (SSD) (256GB GOLDEDITION)","₹1,175"
92,"WD 480 GB SSD 480 GB Desktop, Laptop, Network Attached Storage Internal Solid State Drive (SSD) (WD480)","₹2,754"
93,"EVM SSD 512 GB All in One PC's, Desktop, Laptop, Network Attached Storage Internal Solid State Drive (SSD) (512GB SSD 2.5')","₹2,050"
94,"ZEBRONICS SMART 256 GB Desktop, All in One PC's, Laptop, Servers Internal Solid State Drive (SSD) (ZEB SD26)","₹1,300"
95,"Matrix SATA III 128 GB Desktop, Laptop, All in One PC's Internal Solid State Drive (SSD) (SST128GA-L)",₹799
96,"WD SN850 without Heatsink 1 TB Laptop, All in One PC's, Desktop Internal Solid State Drive (SSD) (WDS100T1X0E)","₹10,746"
97,"WD GREEN 240 GB All in One PC's, Laptop Internal Solid State Drive (SSD) (WDS240G3G0A)","₹1,749"
98,EVM M.2 2280 512 GB Laptop Internal Solid State Drive (SSD) (M.2 2280 512GB SSD),"₹2,199"
99,"Crucial CT1000P3PSSD8 1000 GB Desktop, Laptop Internal Solid State Drive (SSD) (P3 Plus PCIe 4.0 NVMe M.2 2280)","₹5,579"
100,"SAMSUNG 980 Pro 1 TB Laptop, Desktop Internal Solid State Drive (SSD) (MZ-V8P1T0BW)","₹9,099"
101,"WESTERN DIGITAL WD Blue M.2 500 GB Desktop, Laptop Internal Solid State Drive (SSD) (WDS500G3B0B)","₹3,059"
102,"Consistent 2.5 SATA 128 GB Laptop, Desktop Internal Solid State Drive (SSD) (CTSSD128S6 128GB SSD DRIVE)",₹920
103,"GEONIX 1 128 GB Desktop, Laptop Internal Solid State Drive (SSD) (Gx 128GB SSD GOLD)",₹840
104,"EVM NVME 1 TB Desktop, Laptop, Network Attached Storage, Surveillance Systems Internal Solid State Drive (SSD) (1TB M.2 NVME PCIE SSD)","₹4,799"
105,"PNY NVME 256 GB Laptop, Desktop, Servers, All in One PC's Internal Solid State Drive (SSD) (CS1031 NVMe Gen3x4 SSD- 256GB)","₹2,599"
106,"ZEBRONICS SSD 128 GB All in One PC's, Desktop, Laptop Internal Solid State Drive (SSD) (ZEB MN13)","₹1,299"
107,"ZEBRONICS SSD 256 GB All in One PC's, Desktop, Laptop Internal Solid State Drive (SSD) (ZEB M26)","₹2,425"
108,"AARVEX AX650 512 GB Desktop, Laptop, Servers Internal Solid State Drive (SSD) (AX650 SATA)","₹2,699"
109,Simmtronics PRO NVME 512 GB Laptop Internal Solid State Drive (SSD) (S970P PRO NVME),"₹2,449"
110,"GEONIX NVMe 256 GB Laptop, Desktop Internal Solid State Drive (SSD) (SUPERSONIC256 NVMe)","₹1,489"
111,GIGABYTE NVMe SSD 1TB 1 TB Desktop Internal Solid State Drive (SSD) (GP-GSM2NE3100TNTD),"₹9,499"
112,WD Blue 3D 500 GB Laptop Internal Solid State Drive (SSD) (WDS500G2B0B),"₹2,259"
113,"KINGSTON NV2 250 GB Laptop, Desktop, All in One PC's Internal Solid State Drive (SSD) (NV2 PCIe 4.0 NVMe SSD)","₹2,450"
114,"WD Green SATA 2.5/7mm disque 120 GB Laptop, All in One PC's, Desktop Internal Solid State Drive (SSD) (WDS120G2G0A)","₹1,700"
115,Consistent SOLID STATE DRIVE 256 256 GB Laptop Internal Solid State Drive (SSD) (CTSSD256S5),"₹1,250"
116,Acer RE100 M.2 256 GB Laptop Internal Solid State Drive (SSD) (RE100 M.2),"₹2,499"
117,"GEONIX SSD GOLD 1 TB Desktop, Laptop, All in One PC's Internal Solid State Drive (SSD) (SUPERSONIC1024GB)","₹3,490"
118,"Silicon Power A55 1 TB Desktop, Laptop Internal Solid State Drive (SSD) (SP001TBSS3A55S25)","₹3,999"
119,"WD AN1500 2 TB Laptop, All in One PC's, Desktop Internal Solid State Drive (SSD) (WDS200T1X0L)","₹44,183"
120,LAPCARE GEN3 512 GB Laptop Internal Solid State Drive (SSD) (LAPDISC),"₹2,569"
121,"SAMSUNG 970 EVO Plus 250 GB Laptop, Desktop Internal Solid State Drive (SSD) (MZ-V7S250BW)","₹3,039"
122,"SAMSUNG 990 PRO 1 TB Laptop, Desktop Internal Solid State Drive (SSD) (MZ-V9P1T0BW)","₹12,890"
123,"KINGSTON SATA 480 GB Laptop, Desktop Internal Solid State Drive (SSD) (A400-SA400S37/480GIN)","₹2,500"
124,"EVM 2.5 INCH SATA 128 GB Desktop, All in One PC's, Laptop Internal Solid State Drive (SSD) (128 GB SSD SATA)",₹892
125,"scuda PCIe NVMe SSD 512 GB Laptop, Desktop Internal Solid State Drive (SSD) (Interface PCIe GEN 3X4 , NVMe 1.3)","₹2,999"
126,"WESTERN DIGITAL WD Blue M.2 250 GB Desktop, Laptop Internal Solid State Drive (SSD) (WDS250G3B0B)","₹1,929"
127,EXPERTRONICS WD Green with Caddy 9.5 MM 240 GB Laptop Internal Solid State Drive (SSD) (WDS240G3G0A),"₹1,739"
128,"EVM 2.5"" inch SATA. SSD 128 GB Laptop, Desktop, All in One PC's Internal Solid State Drive (SSD) (128GB SSD 2.5"" INCH SATA)",₹889
129,"Seagate Barracuda Q5 with M.2 NVMe PCIe Gen3 ×4, 3D QLC for Desktop or Laptop, 1-Year Rescue Services 1 TB Laptop Internal Solid State Drive (SSD) (ZP1000CV3A001)","₹5,764"
130,Acer FA100 128 GB Laptop Internal Solid State Drive (SSD) (FA100),"₹2,049"
131,WD Green 1 TB Laptop Internal Solid State Drive (SSD) (WDS100T2G0A),"₹6,108"
132,"scuda NVMe 128 GB Desktop, Laptop Internal Solid State Drive (SSD) (Faster Speed)","₹1,850"
133,"Crucial P3 PCIe 3.0 NVMe M.2 2280 500 GB Desktop, Laptop Internal Solid State Drive (SSD) (CT500P3SSD8)","₹2,690"
134,"HP S700 120 GB Laptop, Desktop Internal Solid State Drive (SSD) (SSD S700 M.2 120GB)","₹1,599"
135,"KINGSTON A400 480 GB Laptop, Desktop Internal Solid State Drive (SSD) (A400 480GB SSD)","₹2,359"
136,PACIFIC INTERNATIONAL Straight Drive 256 GB All in One PC's Internal Solid State Drive (SSD) (PI SATA BLACK 256 GB Internal SSD Solid State Drive - SATA 6Gb/s 2.5 inches),"₹1,049"
137,"GEONIX SUPERSONIC GOLD EDITION 256 GB All in One PC's, Desktop, Laptop Internal Solid State Drive (SSD) (SATA III 3.0)","₹1,140"
138,"Crucial MX500 500 GB Desktop, Servers Internal Solid State Drive (SSD) (CT500MX500SSD1 3D NAND SATA)","₹3,200"
139,"Seagate Firecuda 530 - M.2 PCIe Gen4, Heatsink 4 TB Laptop Internal Solid State Drive (SSD) (ZP4000GM3A023)","₹1,22,862"
140,"SAMSUNG 860 Pro 256 GB Laptop, Desktop Internal Solid State Drive (SSD) (MZ-76P256BW)","₹6,707"
141,"HP SSD S700 2.5 (4YH56PA) 250 GB All in One PC's, Laptop, Desktop Internal Solid State Drive (SSD) (SSD S700 2.5 (4YH56PA))","₹2,052"
142,Acer RE100 2.5 512 GB Laptop Internal Solid State Drive (SSD) (RE100 2.5),"₹4,567"
143,"KINGSTON A400 480 GB Desktop, All in One PC's Internal Solid State Drive (SSD) (SA400S37/480G)","₹2,699"
144,"Simmtronics SSD 512 GB All in One PC's, Desktop, Laptop Internal Solid State Drive (SSD) (2.5 "" SATA 6Gb/s SSD)","₹2,125"
145,"WD WD Blue SN550 500 GB Desktop, Laptop Internal Solid State Drive (SSD) (WDS500G2B0C)","₹3,499"
146,"Lexar NM620 256 GB Laptop, Desktop Internal Solid State Drive (SSD) (LNM620X256G-RNNNG)","₹2,100"
147,"ADATA SU650 240 GB Laptop, Desktop, All in One PC's, Servers Internal Solid State Drive (SSD) (SU650)","₹1,999"
148,"Simmtronics 2.5 512GB SATA 6gb/S PRO SSD 512 GB All in One PC's, Desktop, Laptop Internal Solid State Drive (SSD) (2.5 512GB SATA 6gb/S PRO)","₹2,125"
149,"WD Blue™ SA510 2.5"" SATA Internal SSD 250 GB Desktop, Laptop Internal Solid State Drive (SSD) (250GB - WDS250G3B0A)","₹2,499"
150,"Simmtronics NA 128 GB All in One PC's, Desktop, Laptop Internal Solid State Drive (SSD) (2.5 SATA 6GB/s)",₹949
151,Acer RE100 M.2 512 GB Laptop Internal Solid State Drive (SSD) (RE100 M.2),"₹4,099"
152,"Simmtronics 2.5"" 128 GB Desktop Internal Solid State Drive (SSD) (S930P PRO 2.5"" 128GB)",₹949
153,"Simmtronics S930P PRO 2.5 512 GB Desktop, Laptop, All in One PC's Internal Solid State Drive (SSD) (2.5 SATA 6GB/s SSD)","₹2,125"
154,"WESTERN DIGITAL WD Blue SATA 250 GB Desktop, Laptop Internal Solid State Drive (SSD) (WDS250G3B0A)","₹1,949"
155,"HP S700 120 GB Laptop, Desktop Internal Solid State Drive (SSD) (S700-120GB)","₹2,395"
156,"HP S700 2.5 500 GB Laptop, Desktop Internal Solid State Drive (SSD) (2DP99AA#ABB)","₹3,316"
157,"HP S700 500 GB Laptop, Desktop Internal Solid State Drive (SSD) (S700-500GB)","₹3,595"
158,"EVM SATA 1 TB All in One PC's, Desktop, Laptop, Surveillance Systems, Network Attached Storage Internal Solid State Drive (SSD) (1TB SSD 2.5"" INCH SATA)","₹3,765"
159,"SAMSUNG 870 Evo 250 GB Laptop, Desktop Internal Solid State Drive (SSD) (MZ-77E250BW)","₹2,959"
160,"Silicon Power P34A60 1 TB Desktop, Laptop Internal Solid State Drive (SSD) (SP001TBP34A60M28)","₹4,199"
161,"HP S700 250 GB Laptop, Desktop Internal Solid State Drive (SSD) (4YH56PA)","₹2,600"
162,"ADATA Ultimate SU650 120 GB Laptop, Desktop, All in One PC's, Surveillance Systems, Servers, Network Attached Storage Internal Solid State Drive (SSD) (ASU650SS-120GT-C)","₹1,296"
163,"HP S Series 250 GB Laptop, All in One PC's Internal Solid State Drive (SSD) (2DP98AA#ABC)","₹2,600"
164,"Crucial MX500 250 GB Laptop, Desktop Internal Solid State Drive (SSD) (CT250MX500SSD4/ CT250MX500SSD1)","₹2,424"
165,"HP S700 500 GB Laptop, Desktop Internal Solid State Drive (SSD) (4YH57PA)","₹4,464"
166,Seagate Firecuda 520 with PCIe Gen4 x4 NVMe 1.3 for Gaming PC Gaming Laptop Desktop 2 TB Laptop Internal Solid State Drive (SSD) (ZP2000GM3A002),"₹23,219"
167,"Consistent SSD 256 GB Laptop Internal Solid State Drive (SSD) (256 GB SSD FOR DESKTOP , LAPTOP ,)","₹1,250"
168,"HP S750 SATA 2.5"" SSD, 512 GB Laptop, Desktop Internal Solid State Drive (SSD) (S750 3D NAND 512GB)","₹3,850"
169,KINGSTON A400 240 GB Laptop Internal Solid State Drive (SSD) (A400),"₹2,600"
170,"KINGSTON A400 960 GB Laptop, Desktop Internal Solid State Drive (SSD) (SA400S37/960GIN)","₹4,549"
171,"HP S700 250 GB Laptop, Desktop Internal Solid State Drive (SSD) (4YH59PA)","₹2,499"
172,"Lexar NM620 512 GB Laptop, Desktop Internal Solid State Drive (SSD) (LNM620X512G-RNNNG)","₹3,499"
173,"KINGSTON A400 240 GB Laptop, Desktop Internal Solid State Drive (SSD) (SA400S37/240G)","₹1,950"
174,ADATA XPG SX6000 LITE PCIe NVMe M.2 2280 128 GB Laptop Internal Solid State Drive (SSD) (ASX6000LNP-128GT-C),"₹3,298"
175,"GIGABYTE SATA SSD 480 GB Desktop, Laptop, All in One PC's Internal Solid State Drive (SSD) (GP-GSTFS31480GNTD)","₹2,299"
176,"ZEBRONICS H61 Motherboard + 4GB DDR3 1600MHz Desktop RAM + Sata 2.5"" 128 GB Desktop Internal Solid State Drive (SSD) (H61+4GBB DDR3+128 GB SSD)","₹5,199"
177,"ZEBRONICS SMART 120 GB Laptop, Desktop Internal Solid State Drive (SSD) (ZEB-SD12)",₹999
178,"SAMSUNG 860 EVO 1 TB Laptop, Desktop Internal Solid State Drive (SSD) (MZ-N6E1T0BW)","₹11,908"
179,Silicon Power A55 128 GB Laptop Internal Solid State Drive (SSD) (SP128GBSS3A55S25),₹899
180,"Consistent SSD 2.5 SATA 256 GB Desktop, Laptop, All in One PC's Internal Solid State Drive (SSD) (CTSSD256S6)","₹1,250"
181,"EVM SATA 512 GB All in One PC's, Desktop, Laptop Internal Solid State Drive (SSD) (256GB 2.5"" SATA SSD)","₹2,250"
182,Acer RE100 2.5 128 GB Laptop Internal Solid State Drive (SSD) (RE100 2.5),"₹2,253"
183,"EVM NVME 256 GB Desktop, Laptop, Servers, Network Attached Storage, Surveillance Systems Internal Solid State Drive (SSD) (256GB M.2 NVME PCIE SSD)","₹1,699"
184,"SAMSUNG SSD-006 1 TB Laptop Internal Solid State Drive (SSD) (870 QVO 1TB SATA 2.5"" Internal Solid State Drive (SSD) (MZ-77Q1T0BW))","₹11,699"
185,"Crucial CT4000P3SSD8 4000 GB Desktop, Laptop Internal Solid State Drive (SSD) (P3 PCIe 3.0 NVMe M.2 2280)","₹23,999"
186,GIGABYTE NA 512 GB Desktop Internal Solid State Drive (SSD) (GP-GSM2NE3512GNTD),"₹5,067"
187,"Xsentuals M.2 NVMe 8 GB Laptop Internal Solid State Drive (SSD) (M.2 NVME SSD Convert Adapter for Upgraded MacBook Air Pro Retina Mid 2013-2017,)",₹549
188,"ADATA SSD 512 GB Laptop, All in One PC's, Desktop Internal Solid State Drive (SSD) (SU660 512GB)","₹2,850"
189,MSI SPATIUM 1 TB Desktop Internal Solid State Drive (SSD) (SPATIUM M450 PCIe 4.0 NVMe),"₹10,499"
190,"WD SN850 without Heatsink 500 GB Laptop, All in One PC's, Desktop Internal Solid State Drive (SSD) (WDS500G1X0E)","₹6,819"
191,Silicon Power A55 512 GB Laptop Internal Solid State Drive (SSD) (SP512GBSS3A55S25),"₹1,999"
192,"HP HP S650 2.5"" 480 GB Laptop Internal Solid State Drive (SSD) (S650 2.5""- 480 GB)","₹3,200"
193,WD Blue™ SN570 1 TB Desktop Internal Solid State Drive (SSD) (1TB M.2 NVMe),"₹7,819"
194,"SAMSUNG 870 Evo 2 TB Laptop, Desktop Internal Solid State Drive (SSD) (MZ-77E2T0BW)","₹15,519"
195,HP HP EX900 250 GB Laptop Internal Solid State Drive (SSD) (EX900 - 250 GB),"₹2,595"
196,"EVM SATA III 128 GB Desktop, Laptop Internal Solid State Drive (SSD) (Read 550 MB/s, Write 500 MB/s)",₹899
197,"WESTERN DIGITAL WD SN850X 1 TB Desktop, Laptop Internal Solid State Drive (SSD) (WDS100T2X0E)","₹8,469"
198,"KINGSTON A400 240 GB Laptop, Desktop Internal Solid State Drive (SSD) (SA400S37/240GIN)","₹1,699"
199,"PACIFIC INTERNATIONAL Straight Drive 128 GB Desktop, Laptop, Servers Internal Solid State Drive (SSD) (PI SATA BLACK 128 GB Internal SSD Solid State Drive - SATA 6Gb/s 2.5 inches)",₹749
200,"ZEBRONICS M.2 NVME SSD 256 GB Laptop, All in One PC's, Desktop Internal Solid State Drive (SSD) (ZEB-MN26)","₹1,545"
201,EVM SSD 256 GB Laptop Internal Solid State Drive (SSD) (SSD 256GB WIth Caddy 12.7MM),"₹1,450"
202,"HP S600 240 GB Laptop, Desktop Internal Solid State Drive (SSD) (4YH54PA)","₹2,090"
203,Lexar NM610 (NVME) 500 GB Laptop Internal Solid State Drive (SSD) (NM610 (NVME)),"₹4,599"
204,WD NAND 500 GB Laptop Internal Solid State Drive (SSD) (WDS500G3BOA),"₹3,507"
205,"WD WD Blue NVMe SN550 250 GB Desktop, Laptop Internal Solid State Drive (SSD) (WDS250G2B0C)","₹2,645"
206,Crucial BX500 240 GB All in One PC's Internal Solid State Drive (SSD) (BX500-240GB),"₹1,499"
207,"EVM 128GB M.2 NVME PCIE SSD 128 GB Laptop, Desktop Internal Solid State Drive (SSD) (128GB M.2 NVME PCIE SSD)","₹1,300"
208,Simmtronics M.2 2280 SATA 6GB/S SSD 256 GB Laptop Internal Solid State Drive (SSD) (M.2 256GB SSD(S950P)),"₹1,325"
209,SanDisk Portable SSD SDSSDE30-1T00-G25 1 TB External Solid State Drive (SSD),"₹7,099"
210,SanDisk Extreme Portable SDSSDE61-2T00-G25 2 TB Wired External Solid State Drive (SSD),"₹14,699"
211,"KINGSTON 400 240 GB Laptop, All in One PC's, Desktop Internal Solid State Drive (SSD) (240)","₹2,999"
212,Crucial MX500 500 GB Laptop Internal Solid State Drive (SSD) (MX500 500GB 2.5-inch SSD),"₹3,200"
213,"Lexar NS10 Lite 120 GB Laptop, Desktop Internal Solid State Drive (SSD) (LNS10LT-120BCN)",₹985
214,Crucial MX500 250 GB Laptop Internal Solid State Drive (SSD) (MX500 250GB SATA 2.5-inch 7mm Internal SSD (CT250MX500SSD1)),"₹2,499"
215,SanDisk Extreme Portable SDSSDE61-1T00-G25 1 TB Wired External Solid State Drive (SSD),"₹8,849"
216,"Seagate One Touch with up to 1030 Mb/s for Windows & Mac, with Android App and 3 years Data Recovery Services - Portable 1 TB External Solid State Drive (SSD)","₹8,999"
217,"KINGSTON SATA 240 GB Laptop, Desktop Internal Solid State Drive (SSD) (A400 -SA400S37/240GIN)","₹1,700"
218,"Seagate Expansion SSD for PC Laptop, Mac with 3 Year Data Recovery Services STLH500400 500 GB External Solid State Drive (SSD)","₹5,999"
219,"Seagate Expansion SSD for PC Laptop, Mac with 3 Year Data Recovery Services STLH1000400� 1 TB External Solid State Drive (SSD)","₹8,899"
220,"EVM SATA 512 GB Laptop, Desktop, All in One PC's Internal Solid State Drive (SSD) (SSD Internal Hard Disk SATA)","₹3,149"
221,"EVM M.2 NVME 512 GB Desktop, Laptop Internal Solid State Drive (SSD) (512GB M.2 NVME PCIE GEN 3x4 SSD)","₹2,700"
222,"HP S650 240 GB Laptop, Desktop, Surveillance Systems, All in One PC's Internal Solid State Drive (SSD) (S650)","₹1,970"
223,"SAMSUNG 980 500 GB Laptop, Desktop Internal Solid State Drive (SSD) (MZ-V8V500BW)","₹3,899"
224,"WD M.2 WDS240G2G0B 240 GB Laptop, Desktop Internal Solid State Drive (SSD) (GREEN 240 GB Laptop Internal Solid State Drive (M.2 WDS240G2G0B))","₹2,049"
225,"Seagate Firecuda 530 - M.2 PCIe Gen4, Heatsink 1 TB Laptop Internal Solid State Drive (SSD) (ZP1000GM3A023)","₹32,087"
226,"EVM SATA 1 TB All in One PC's, Laptop, Desktop Internal Solid State Drive (SSD) (1TB SSD 2.5"" INCH SATA)","₹4,199"
227,"SAMSUNG 870 QVO 2 TB Laptop, Desktop Internal Solid State Drive (SSD) (MZ-77Q2T0BW)","₹13,019"
228,Lexar NM610 250 GB Laptop Internal Solid State Drive (SSD) (NM610),"₹2,799"
229,WD SN750 500 GB Laptop Internal Solid State Drive (SSD) (WDS500G3X0C),"₹6,099"
230,EVM SSD 256 GB Laptop Internal Solid State Drive (SSD) (SSD 256GB WIth Caddy 9.5MM),"₹1,440"
231,"BRYT NA 512 GB All in One PC's, Desktop, Laptop Internal Solid State Drive (SSD) (512 GB SSD M.2)","₹3,500"
232,"EVM NVME 256 GB Desktop, Laptop Internal Solid State Drive (SSD) (256GB M.2 PCIE NVME SSD)","₹1,600"
233,"WESTERN DIGITAL WD Black SN770 500 GB Desktop, Laptop Internal Solid State Drive (SSD) (WDS500G3X0E)","₹4,399"
234,"WD Black 1 TB Laptop, Desktop Internal Solid State Drive (SSD) (WDS100T2X0C)","₹21,563"
235,"Crucial CT2000P3SSD8 2000 GB Desktop, Laptop Internal Solid State Drive (SSD) (P3 PCIe 3.0 NVMe M.2 2280)","₹10,265"
236,Crucial BX500 480 GB Laptop Internal Solid State Drive (SSD) (BX500 480GB 3D NAND SATA 2.5-inch SSD (CT480BX500SSD1)),"₹2,399"
237,Acer RE100 M.2 128 GB Laptop Internal Solid State Drive (SSD) (RE100 M.2),"₹2,163"
238,ZEBRONICS Desktop RAM 4GB DDR3 1600MHz + 128 GB Desktop Internal Solid State Drive (SSD) (Combo set),"₹2,149"
239,HP S600 2.5 120 GB Laptop Internal Solid State Drive (SSD) (4FZ32AA#ABB),"₹1,800"
240,KITECH KTNV 512 GB Laptop Internal Solid State Drive (SSD) (KTNV 512 GB),"₹2,199"
241,"SAMSUNG 860 Evo 2 TB Laptop, Desktop Internal Solid State Drive (SSD) (MZ-76E2T0BW)","₹23,184"
242,"ZEBRONICS SSD 120 GB All in One PC's, Desktop, Laptop Internal Solid State Drive (SSD) (ZEB SD12)","₹1,199"
243,WD WD Blue 4 TB Desktop Internal Solid State Drive (SSD) (WDS400T2B0A),"₹24,139"
244,"Silicon Power NVMe PCIe Gen3x4 256 GB All in One PC's, Desktop, Laptop, Network Attached Storage, Servers Internal Solid State Drive (SSD) (256GB NVMe PCIe Gen3x4 M.2 2280 (SP256GBP34A60M28))","₹1,997"
245,"LAPCARE Sata 256 GB All in One PC's, Desktop, Laptop Internal Solid State Drive (SSD) (2.5 INCH SATA SSD 256GB for Desktop & Laptop (L0SDAS7503))","₹1,899"
246,"SAMSUNG 970 Pro 1 TB Laptop, Servers, Network Attached Storage, Desktop Internal Solid State Drive (SSD) (MZ-V7P1T0BW)","₹26,207"
247,"SAMSUNG SSD-008 500 GB Laptop Internal Solid State Drive (SSD) (980 500GB Up to 3,100 MB/s PCIe 3.0 NVMe M.2 (2280) Internal Solid State Drive (SSD) (MZ-V8V500))","₹5,999"
248,"PNY NA 512 GB Laptop, Desktop Internal Solid State Drive (SSD) (CS1031 M.2)","₹6,399"
249,HP EX900 M.2 120GB PCIe 3.1 x 4 NVMe 3D TLC NAND Internal Solid State Drive 120 GB Laptop Internal Solid State Drive (SSD) (2YY42AA#ABC),"₹2,049"
250,"Crucial BX500 480 GB Desktop, Laptop, Servers, Network Attached Storage Internal Solid State Drive (SSD) (BX500)","₹2,449"
251,Acer FA100 512 GB Laptop Internal Solid State Drive (SSD) (FA100),"₹4,559"
252,"PNY NVME 500 GB Laptop, Desktop, Servers, All in One PC's Internal Solid State Drive (SSD) (CS1031 500GB M.2 NVMe PCIe Gen3 x4 Internal Solid State Drive (SSD))","₹3,599"
253,Seagate Firecuda 530 - M.2 PCIe Gen4 and 3-Years Rescue Services 500 GB Laptop Internal Solid State Drive (SSD) (ZP500GM3A013),"₹6,499"
254,GIGABYTE SATA 2.5 Inch 240 GB Desktop Internal Solid State Drive (SSD) (GP-GSTFS31240GNTD),"₹1,549"
255,WD SN750 1 TB Laptop Internal Solid State Drive (SSD) (WDS100T3X0C),"₹12,403"
256,"powerx SS1000 512 GB All in One PC's, Desktop, Laptop Internal Solid State Drive (SSD) (512GB)","₹2,350"
257,KITECH KTNG 128 GB Laptop Internal Solid State Drive (SSD) (KTNG128 GB),₹899
258,KINGSTON A2000 NVME 250 GB Laptop Internal Solid State Drive (SSD) (SA2000M8/250G),"₹3,240"
259,"Silicon Power NVMe PCIe Gen3x4 128 GB Desktop, Laptop, All in One PC's, Servers, Network Attached Storage Internal Solid State Drive (SSD) (?SP128GBP34A60M28)","₹1,900"
260,"ZEBRONICS SSD 480 GB All in One PC's, Desktop, Laptop Internal Solid State Drive (SSD) (ZEB SD48)","₹2,599"
261,"WD Green™ 240 GB Laptop, Desktop Internal Solid State Drive (SSD) (240GB SATA M.2 2280 - WDS240G3G0B)","₹2,099"
262,Seagate Firecuda 530 - M.2 PCIe Gen4 and 3-Years Rescue Services 2 TB Laptop Internal Solid State Drive (SSD) (ZP2000GM3A013),"₹15,999"
263,"ADATA SU650 120 GB Laptop, Desktop, All in One PC's, Servers Internal Solid State Drive (SSD) (SU650)","₹1,575"
264,WD Green 480 GB Laptop Internal Solid State Drive (SSD) (WDS480G2G0B),"₹3,350"
265,ADATA SU630 240 GB Laptop Internal Solid State Drive (SSD) (ASU630SS-240GQ-R),"₹1,999"
266,zebion SSD 256 GB All in One PC's Internal Solid State Drive (SSD) (SUPERSONIC),"₹1,745"
267,"Simmtronics S930P PRO 256 GB Desktop, Laptop Internal Solid State Drive (SSD) (256GB - SSD 2.5” Sata 6GB/s)","₹1,299"
268,"GEONIX M.2 SSD 512 GB Desktop, Laptop Internal Solid State Drive (SSD) (SUPERSONIC512 M.2)","₹1,940"
269,"GEONIX M.2 SSD 256 GB Desktop, Laptop Internal Solid State Drive (SSD) (SUPERSONIC256 M.2)","₹1,234"
270,"ZEBRONICS SSD 240 GB All in One PC's, Desktop, Laptop Internal Solid State Drive (SSD) (ZEB SD24)","₹1,449"
271,Seagate Firecuda 530 - M.2 PCIe Gen4 and 3-Years Rescue Services 1 TB Laptop Internal Solid State Drive (SSD) (ZP1000GM3A013),"₹8,499"
272,"BRYT PCIe NVMe Gen 3x4 SSD 512 GB Desktop, Laptop Internal Solid State Drive (SSD) (Read Speed up to 2000 MB/s & Write Speed up to 1600 MB/s)","₹2,129"
273,SD TECH SOLUTION CNVM128RCMX02375 128 GB Laptop Internal Solid State Drive (SSD) (CTNVMe128S6),"₹1,150"
274,"Techmatrix Ultra Durable 240 GB Laptop, All in One PC's, Desktop Internal Solid State Drive (SSD) (SATA III 2.5/7mm SSD)","₹2,999"
275,HP S700 Pro 1 TB All in One PC's Internal Solid State Drive (SSD) (S700-1TB),"₹6,999"
276,"Consistent CTSSD 128 GB Desktop, Laptop, All in One PC's Internal Solid State Drive (SSD) (CTSSD128S6)",₹915
277,"WD WD Blue NVMe SN570 250 GB Desktop, Laptop Internal Solid State Drive (SSD) (WDS250G3B0C)","₹2,702"
278,"KINGSTON A2000 M.2 2280 NVMe PCIe Interface 500 GB Desktop, Laptop Internal Solid State Drive (SSD) (SA2000M8-500G)","₹4,900"
279,KITECH KTS200 256 GB Desktop Internal Solid State Drive (SSD) (KTS200),"₹1,099"
280,"SAMSUNG 870 Evo 4 TB Laptop, Desktop Internal Solid State Drive (SSD) (MZ-77E4T0BW)","₹31,039"
281,"Acer SA100 240 GB Laptop, Desktop Internal Solid State Drive (SSD) (SA100)","₹1,895"
282,HyperX Fury RGB 960 GB Desktop Internal Solid State Drive (SSD) (SHFR200/960GIN),"₹19,700"
283,"KINGSTON A400 480 GB Laptop, Desktop Internal Solid State Drive (SSD) (SSD 480GB A400 10X)","₹2,600"
284,PNY NA 120 GB Desktop Internal Solid State Drive (SSD) (CS900 2.5),"₹3,152"
285,Frontech SSD-0015 512 GB Desktop Internal Solid State Drive (SSD) (SSD-0015),"₹1,989"
286,"Simmtronics S730E PRO 256 GB Desktop, Laptop Internal Solid State Drive (SSD) (SSD 256 GB 2.5” Sata 6GB/s)","₹1,299"
287,PNY NA 240 GB Desktop Internal Solid State Drive (SSD) (CS900 2.5),"₹2,709"
288,"EVM SATA III 256 GB Desktop, Laptop Internal Solid State Drive (SSD) (Read 550 MB/s, Write 500 MB/s)","₹1,240"
289,"Lexar NS10 Lite 480 GB Laptop, Desktop Internal Solid State Drive (SSD) (LNS10LT-480BCN)","₹2,599"
290,EXPERTRONICS WD Green with Caddy 9.5 MM 480 GB Laptop Internal Solid State Drive (SSD) (WDS480G3G0A),"₹2,870"
291,"SAMSUNG SSD-009 250 GB Laptop Internal Solid State Drive (SSD) (980 250GB Up to 2,900 MB/s PCIe 3.0 NVMe M.2 (2280) Internal Solid State Drive (SSD) (MZ-V8V250))","₹5,500"
292,ADATA Ultimate SU650 120 GB Desktop Internal Solid State Drive (SSD) (SU655 M.2),"₹2,044"
293,"Crucial CT4000P3PSSD8 4000 GB Desktop, Laptop Internal Solid State Drive (SSD) (P3 Plus PCIe 4.0 NVMe M.2 2280)","₹21,827"
294,"WESTERN DIGITAL WD Black SN770 250 GB Desktop, Laptop Internal Solid State Drive (SSD) (WDS250G3X0E)","₹4,029"
295,"EXPERTRONICS Pro 128 GB Laptop, All in One PC's Internal Solid State Drive (SSD) (Consistent 128GB SSD with 9.5 MM Caddy)","₹1,095"
296,"MSI SATA SSD 120 GB Desktop, Laptop, All in One PC's Internal Solid State Drive (SSD) (SPATIUM S270 SATA 2.5"")","₹1,399"
297,WD SN750 250 GB Desktop Internal Solid State Drive (SSD) (WDS250G3X0C),"₹4,659"
298,"SAMSUNG 860 EVO 250 GB Laptop, All in One PC's, Desktop Internal Solid State Drive (SSD) (MZ-N6E250BW)","₹4,377"
299,"Simmtronics 2.5 256 GB Desktop, Laptop Internal Solid State Drive (SSD) (2.5 256GB SSD (S930P))","₹1,299"
300,"scuda 6GB /S Speed 128 GB Desktop, Laptop, All in One PC's Internal Solid State Drive (SSD) (128GB SATA, 2.5 Inch)","₹1,399"
301,"scuda 6 GB/S Speed 128 GB Desktop, Laptop Internal Solid State Drive (SSD) (128GB SATA SSD)","₹1,299"
302,"scuda SATA 2.5"" SSD 1 TB Laptop, Desktop Internal Solid State Drive (SSD) (1TB)","₹3,999"
303,MSI SPATIUM 500 GB Desktop Internal Solid State Drive (SSD) (SPATIUM M450 PCIe 4.0 NVMe),"₹5,799"
304,Simmtronics 2280 128 GB Laptop Internal Solid State Drive (SSD) (S950P PRO M.2),₹949
305,ADATA Ultimate SU650 240 GB Desktop Internal Solid State Drive (SSD) (SU655 M.2),"₹2,368"
306,Simmtronics S950P PRO M.2 120 GB Servers Internal Solid State Drive (SSD) (S950P PRO M.2),₹925
307,"MSI SATA 240 GB Desktop, All in One PC's, Laptop Internal Solid State Drive (SSD) (Spatium S270)","₹1,925"
308,"SAMSUNG SSD-001 500 GB Laptop Internal Solid State Drive (SSD) (870 EVO 500GB SATA 2.5"" Internal Solid State Drive (SSD) (MZ-77E500))","₹6,660"
309,"CYBERX Black 128 GB Laptop, Desktop Internal Solid State Drive (SSD) (Pack of 1)","₹1,180"
310,GIGABYTE SSD 1TB SATA 1 TB Desktop Internal Solid State Drive (SSD) (GP-GSTFS31100TNTD),"₹8,299"
311,"Lexar NS10 Lite 240 GB Laptop, Desktop Internal Solid State Drive (SSD) (LNS10LT-240BCN)","₹1,799"
312,"Simmtronics 256GB 2.5 SATA SSD 6GB/S 256 GB All in One PC's, Desktop, Laptop Internal Solid State Drive (SSD) (256GB 2.5 SATA SSD)","₹1,299"
313,GIGABYTE M30 SSD 1TB 1 TB Desktop Internal Solid State Drive (SSD) (GP-GM301TB-G),"₹10,799"
314,"Frontech Internal SSD 128 GB All in One PC's, Desktop, Laptop, Surveillance Systems Internal Solid State Drive (SSD) (SSD 0026)","₹1,149"
315,"Simmtronics S930P 256 GB Desktop, Laptop, All in One PC's Internal Solid State Drive (SSD) (2.5 SATA 6GB/s)","₹1,299"
316,TECH- Assemblers 3D NANO 120 GB Laptop Internal Solid State Drive (SSD) (with Aluminium Casing for Optimum Heat Circulation with High Speed Turbo Boot),"₹1,499"
317,"EVM M.2 NVME 128 GB All in One PC's, Desktop, Laptop Internal Solid State Drive (SSD) (128GB NVME PCIE GEN 3x4 SSD)","₹1,360"
318,"Simmtronics S950P PRO M.2 256 GB Desktop, Laptop, All in One PC's Internal Solid State Drive (SSD) (M.2 2280 SATA 6GB/S)","₹1,325"
319,"MU ENTERPRISES SD52 512 GB Desktop, Laptop, All in One PC's Internal Solid State Drive (SSD) (512GB SATA)","₹1,800"
320,HASTHIP SSD 512 GB All in One PC's Internal Solid State Drive (SSD) (NVME M.2 SSD 512GB SSD M.2 2280 PCIe NVMe 3.0 x4 3D NAND Internal Solid),"₹4,299"
321,EVM SSD 128 GB Laptop Internal Solid State Drive (SSD) (SSD 128GB WIth Caddy 9.5MM),"₹1,140"
322,SAMSUNG 860 Pro 1 TB Laptop Internal Solid State Drive (SSD) (MZ-76P1T0BW),"₹19,770"
323,"scuda 256GB SATA SSD 256 GB Laptop, Desktop, All in One PC's Internal Solid State Drive (SSD) (SSD)","₹1,711"
324,HASTHIP SSD 256 GB All in One PC's Internal Solid State Drive (SSD) (NVME M.2 SSD 256GB SSD M.2 2280 SATA III 6Gb/s Internal Solid State),"₹2,099"
325,"scuda SATA SSD 512 GB Laptop, Desktop, All in One PC's Internal Solid State Drive (SSD) (512GB SATA SSD)","₹2,750"
326,WD Blue 3D 1 TB Laptop Internal Solid State Drive (SSD) (WDS100T2B0A-00sm50),"₹18,917"
327,KRYSTAA KST 120 GB Desktop Internal Solid State Drive (SSD) (KST-SSD120GA),"₹1,325"
328,WD WD Black 2 TB Laptop Internal Solid State Drive (SSD) (WDS200T3X0C),"₹17,569"
329,"GIGABYTE Black 120 GB Laptop, Desktop Internal Solid State Drive (SSD) (GP-GSTFS31120GNTD)","₹1,749"
330,"Simmtronics SSD 1024 GB All in One PC's, Desktop, Laptop Internal Solid State Drive (SSD) (2.5 "" SATA 6Gb/s SSD)","₹3,799"
331,"Simmtronics PRO 2.5"" 512 GB Desktop Internal Solid State Drive (SSD) (S930P PRO 2.5"")","₹2,125"
332,"Crucial MX Series 500 GB Laptop, Desktop Internal Solid State Drive (SSD) (MX500)","₹5,419"
333,"DAHUA SATA SSD 128 GB Desktop, Laptop Internal Solid State Drive (SSD) (DHI-SSD-C800AS128G)","₹1,199"
334,"MU ENTERPRISES SD26 256 GB All in One PC's, Desktop, Laptop Internal Solid State Drive (SSD) (256GB SATA SSD)","₹1,519"
335,Simmtronics PRO NVME 128 GB Laptop Internal Solid State Drive (SSD) (S970P PRO NVME),"₹1,175"
336,"MU ENTERPRISES SD26 256 GB All in One PC's, Desktop, Laptop Internal Solid State Drive (SSD) (SSD256GB)","₹1,396"
337,EVM m.2 512 GB Laptop Internal Solid State Drive (SSD) (m.2),"₹2,650"
338,ADATA Gammix 1 TB All in One PC's Internal Solid State Drive (SSD) (GAMMIX All in One PC's Internal Solid State Drive S50 Lite AGAMMIXS50L-1T-CS),"₹18,399"
339,Simmtronics M.2 128 GB Laptop Internal Solid State Drive (SSD) (NVMe 128gb ssd ( s970p)),"₹1,197"
340,"Punta SSD 256 GB All in One PC's, Desktop, Laptop, Servers Internal Solid State Drive (SSD) (SSD 256 GB PLUS)","₹1,931"
341,Etzin NA 0 GB All in One PC's Internal Solid State Drive (SSD) (PCI-E 1 to 4 PCI Express slots 16 x PCI-E riser card 1 X to 4 PCI-E adapter external PCIe slot multiplier card for Bitcoin Miner),"₹2,299"
342,"Simmtronics 256GB M.2 SOLID STATE DRIVE 6gb/S 256 GB All in One PC's, Desktop, Laptop Internal Solid State Drive (SSD) (256GB M.2 SOLID STATE DRIVE)","₹1,297"
343,MSI SPATIUM 1 TB Desktop Internal Solid State Drive (SSD) (SPATIUM M390 NVMe),"₹10,499"
344,LAPCARE NVME 128 GB Laptop Internal Solid State Drive (SSD) (LAPDISC128),"₹1,689"
345,LAPCARE Nvme 256 GB Laptop Internal Solid State Drive (SSD) (LAPDISC 2280 NVME PCIe gen 3 256GB),"₹2,489"
346,prass SUPERSONIC 120 GB Laptop Internal Solid State Drive (SSD) (GEONIX S FOR LAPTOP & DESKTOP),"₹1,199"
347,"Intex Panther 256 GB Desktop, Laptop, All in One PC's Internal Solid State Drive (SSD) (Panther 256-2.5"")","₹1,499"
348,"Frontech SSD-0042 128 GB Desktop Internal Solid State Drive (SSD) (128GB Internal SSD, 2.5 SATA3, TLC+SMI, Low Energy Consumption,)",₹859
349,WD SN750 1 TB Laptop Internal Solid State Drive (SSD) (WDS100T3XHC),"₹16,520"
350,"SAMSUNG 850 EVO M.2 500 GB Desktop, Laptop Internal Solid State Drive (SSD) (MZ-N5E500BW)","₹13,679"
351,"CYBERX SATA 128 GB Desktop, Laptop, All in One PC's Internal Solid State Drive (SSD) (128GB SATA)","₹1,199"
352,"SAMSUNG SSD-003 1 TB Laptop Internal Solid State Drive (SSD) (980 1TB Up to 3,500 MB/s PCIe 3.0 NVMe M.2 (2280) Internal Solid State Drive (SSD) (MZ-V8V1T0))","₹14,400"
353,"LAPCARE LPSSD256GB 256 GB Laptop Internal Solid State Drive (SSD) (LAPDISC 2.5"" SATA SSD)","₹1,549"
354,Frontech SSD-0029 256 GB Desktop Internal Solid State Drive (SSD) (Form Factor: M.2),"₹1,449"
355,"Simmtronics PRO 128 GB Laptop, Desktop, All in One PC's Internal Solid State Drive (SSD) (128 GB SOLID STATE DRIVE 2.5"" STATA)",₹947
356,"KINGSTON A400 120 GB Desktop, Laptop, All in One PC's, Servers Internal Solid State Drive (SSD) (SA400S37/120G)","₹2,289"
357,"WD Green 240 GB Desktop, Laptop Internal Solid State Drive (SSD) (WDS240G1G0A)","₹2,699"
358,"Simmtronics 128GB 2.5SATA SSD 6GB PER SECOND 128 GB All in One PC's, Desktop, Laptop Internal Solid State Drive (SSD) (128GB 2.5SATA SSD)",₹947
359,KITECH KTNV 256 GB Laptop Internal Solid State Drive (SSD) (KTNV 256 GB),"₹1,499"
360,Xsentuals M.2 NVMe 8 GB Laptop Internal Solid State Drive (SSD) (M.2 NVME SSD Convert Adapter Card for Upgrade MacBook Air (2013-2017)),₹749
361,WD Blue 3D 2 TB Laptop Internal Solid State Drive (SSD) (WDS200T2B0B),"₹11,599"
362,"WD AN1500 1 TB Laptop, All in One PC's, Desktop Internal Solid State Drive (SSD) (WDS100T1X0L)","₹27,886"
363,Xsentuals M.2 NVMe 8 GB Laptop Internal Solid State Drive (SSD) (M.2 SSD Full-speed PCIE To M2 Adapter NVMe SSD M2 PCIE X1 Riser PCI-E PCI Express M-key Connector Support 2230 2242 2260 2280 M.2 SSD Full-speed PCIE To M2 Adapter NVMe SSD M2 PCIE X1 Riser PCI-E PCI Express M-key Connector Support 2230 2242 2260 2280 M.2 SSD Full-speed PCIE To M2 Adapter NVMe SSD M2 PCIE X1 Riser PCI-E PCI Express M-key Connector Support 2230 2242 2260 2280 M.2 SSD Full-speed PCIE To M2 Adapter NVMe SSD M2 PCIE X1 Riser PCI-E PCI Express M-key Connector Support 2230 2242 2260 2280 M.2 SSD Full-speed PCIE To M2 Adapter NVMe SSD M2 PCIE X1 Riser PCI-E PCI Express M-key Connector Support 2230 2242 2260 2280),₹899
364,"powerx NE1000 512 GB All in One PC's, Desktop, Laptop Internal Solid State Drive (SSD) (M.2. PCIE NVMe)","₹2,750"
365,LAPCARE 890605686756 240 GB Desktop Internal Solid State Drive (SSD) (SATAN SSD 240),"₹2,999"
366,"EVM NVME 128 GB All in One PC's, Desktop, Laptop, Network Attached Storage Internal Solid State Drive (SSD) (128 GB NVME SSD)","₹1,699"
367,"Silicon Power ssd 128 GB Laptop, Desktop Internal Solid State Drive (SSD) (SU128GBSS3A55M28AB)","₹1,574"
368,ADATA SU650 240 GB Laptop Internal Solid State Drive (SSD) (ASU650SS-240GT-R),"₹1,690"
369,"MU ENTERPRISES SD52 512 GB Laptop, All in One PC's, Desktop Internal Solid State Drive (SSD) (SSD512)","₹2,599"
370,"Techmatrix Ultra Durable 480 GB Laptop, All in One PC's, Desktop Internal Solid State Drive (SSD) (SATA III 2.5/7mm SSD)","₹5,299"
371,"Punta SSD 128 GB All in One PC's, Desktop, Laptop, Servers Internal Solid State Drive (SSD) (SSD 128 GB PLUS)",₹999
372,"Techmatrix Ultra Durable 240 GB Laptop, All in One PC's, Desktop Internal Solid State Drive (SSD) (M.2 SSD)","₹3,499"
373,Punta PLUS 128 GB Desktop Internal Solid State Drive (SSD) (PSSD128PLUS),₹999
374,"GEONIX Ultra Durable 120 GB Desktop, Laptop Internal Solid State Drive (SSD) (SUPERSONIC 120)","₹1,135"
375,"MILLENNIUM TECHNOLOGY 128gb 2.5"" Solid State Drive 128 GB Laptop, Desktop, Surveillance Systems Internal Solid State Drive (SSD) (MIL25/128GB)",₹869
376,"Crucial CT2000P3PSSD8 2000 GB Desktop, Laptop Internal Solid State Drive (SSD) (P3 Plus PCIe 4.0 NVMe M.2 2280)","₹13,999"
377,"LAPCARE LPSSD128GB 128 GB Laptop, Desktop Internal Solid State Drive (SSD) (Lapdisc 128GB 2.5"" SATA SSD Compatible With Desktop & Laptop)","₹1,499"
378,"SAMSUNG 970 Evo Series - pcie nvme - M.2 Internal 250 GB Laptop, Desktop Internal Solid State Drive (SSD) (mz-v7e250bw)","₹7,500"
379,"VIE M.2 NVMe SSD 512 GB Internal Solid State Drive (SSD) 512 GB Desktop, Laptop Internal Solid State Drive (SSD) (LAPTOP,NOTEBOOK,DELL,HP,LENOVO,ASUS, MSI)","₹3,199"
380,"Foxin 128 Turbo 128 GB Laptop, Desktop Internal Solid State Drive (SSD) (FOX_SSD_128)",₹899
